Authors;Comments;rm_html;rm_hashtag;lower_case;rm_url;rm_punc;rm_emoji;prepro;stem
@kaialovesdimsum;❤❤❤;❤❤❤;❤❤❤;❤❤❤;❤❤❤;❤❤❤;;;❤❤❤
@Fey_Kanoa;"<a href=""https://www.youtube.com/watch?v=RJMzGOpxUV4&amp";;;;;;;;
@Pnd-kw1dr;karena keumumanya suara manusia adalah bikin pemilik telinga sensitif juga menjerit kesakitan karenanya;karena keumumanya suara manusia adalah bikin pemilik telinga sensitif juga menjerit kesakitan karenanya;karena keumumanya suara manusia adalah bikin pemilik telinga sensitif juga menjerit kesakitan karenanya;karena keumumanya suara manusia adalah bikin pemilik telinga sensitif juga menjerit kesakitan karenanya;karena keumumanya suara manusia adalah bikin pemilik telinga sensitif juga menjerit kesakitan karenanya;karena keumumanya suara manusia adalah bikin pemilik telinga sensitif juga menjerit kesakitan karenanya;karena keumumanya suara manusia adalah bikin pemilik telinga sensitif juga menjerit kesakitan karenanya;keumumanya suara manusia bikin pemilik telinga sensitif menjerit kesakitan;karena keumumanya suara manusia adalah bikin milik telinga sensitif juga jerit sakit karena
@BetrandHasbi;It&#39;;;;;;;;
@RiniMayangsari-f7q;Jadi ini yg namanya Ridha 🥹<br>Ingine menulis berungkap beribu ribu kata bukn utk mengeluh , bukn ga bersyukur, BKN marah , tapi hanya ingin didengar 😭😭;Jadi ini yg namanya Ridha 🥹Ingine menulis berungkap beribu ribu kata bukn utk mengeluh , bukn ga bersyukur, BKN marah , tapi hanya ingin didengar 😭😭;Jadi ini yg namanya Ridha 🥹Ingine menulis berungkap beribu ribu kata bukn utk mengeluh , bukn ga bersyukur, BKN marah , tapi hanya ingin didengar 😭😭;jadi ini yg namanya ridha 🥹ingine menulis berungkap beribu ribu kata bukn utk mengeluh , bukn ga bersyukur, bkn marah , tapi hanya ingin didengar 😭😭;jadi ini yg namanya ridha 🥹ingine menulis berungkap beribu ribu kata bukn utk mengeluh , bukn ga bersyukur, bkn marah , tapi hanya ingin didengar 😭😭;jadi ini yg namanya ridha 🥹ingine menulis berungkap beribu ribu kata bukn utk mengeluh bukn ga bersyukur bkn marah tapi hanya ingin didengar 😭😭;jadi ini yg namanya ridha ingine menulis berungkap beribu ribu kata bukn utk mengeluh , bukn ga bersyukur, bkn marah , tapi hanya ingin didengar ;yg namanya ridha ingine menulis berungkap beribu ribu bukn utk mengeluh , bukn ga bersyukur, bkn marah , didengar;jadi ini yang nama ridha 🥹ingine tulis ungkap ibu ribu kata bukn untuk keluh bukn tidak syukur bkn marah tapi hanya ingin dengar 😭😭
@RaniRatma;Habis legg day , istirahat sambil dengerin podcast Niki jadi nangis, terimakasih banyak kak Niki podcastnya selalu ku dengerin sambil aktifitas sangat bermanfaat ❤;Habis legg day , istirahat sambil dengerin podcast Niki jadi nangis, terimakasih banyak kak Niki podcastnya selalu ku dengerin sambil aktifitas sangat bermanfaat ❤;Habis legg day , istirahat sambil dengerin podcast Niki jadi nangis, terimakasih banyak kak Niki podcastnya selalu ku dengerin sambil aktifitas sangat bermanfaat ❤;habis legg day , istirahat sambil dengerin podcast niki jadi nangis, terimakasih banyak kak niki podcastnya selalu ku dengerin sambil aktifitas sangat bermanfaat ❤;habis legg day , istirahat sambil dengerin podcast niki jadi nangis, terimakasih banyak kak niki podcastnya selalu ku dengerin sambil aktifitas sangat bermanfaat ❤;habis legg day istirahat sambil dengerin podcast niki jadi nangis terimakasih banyak kak niki podcastnya selalu ku dengerin sambil aktifitas sangat bermanfaat ❤;habis legg day , istirahat sambil dengerin podcast niki jadi nangis, terimakasih banyak kak niki podcastnya selalu ku dengerin sambil aktifitas sangat bermanfaat ;habis legg day , istirahat dengerin podcast niki nangis, terimakasih kak niki podcastnya ku dengerin aktifitas bermanfaat;habis legg day istirahat sambil dengar podcast niki jadi tangis terimakasih banyak kak menik podcastnya selalu ku dengar sambil aktifitas sangat manfaat ❤
@restiayu276;Niki<br>Terimakasih ada episode ini<br>Serasa diulurkan tangan dan dijabat dengan erat<br>Makasih banyak ❤❤❤;NikiTerimakasih ada episode iniSerasa diulurkan tangan dan dijabat dengan eratMakasih banyak ❤❤❤;NikiTerimakasih ada episode iniSerasa diulurkan tangan dan dijabat dengan eratMakasih banyak ❤❤❤;nikiterimakasih ada episode iniserasa diulurkan tangan dan dijabat dengan eratmakasih banyak ❤❤❤;nikiterimakasih ada episode iniserasa diulurkan tangan dan dijabat dengan eratmakasih banyak ❤❤❤;nikiterimakasih ada episode iniserasa diulurkan tangan dan dijabat dengan eratmakasih banyak ❤❤❤;nikiterimakasih ada episode iniserasa diulurkan tangan dan dijabat dengan eratmakasih banyak ;nikiterimakasih episode iniserasa diulurkan tangan dijabat eratmakasih;nikiterimakasih ada episode iniserasa ulur tangan dan jabat dengan eratmakasih banyak ❤❤❤
@nengsihhidayah369;MasyaAllah,, <br>Barakallah bu dokter dan kak Niki. Semoga selalu istiqomah .🤲🤲🤲❤;MasyaAllah,, Barakallah bu dokter dan kak Niki. Semoga selalu istiqomah .🤲🤲🤲❤;MasyaAllah,, Barakallah bu dokter dan kak Niki. Semoga selalu istiqomah .🤲🤲🤲❤;masyaallah,, barakallah bu dokter dan kak niki. semoga selalu istiqomah .🤲🤲🤲❤;masyaallah,, barakallah bu dokter dan kak niki. semoga selalu istiqomah .🤲🤲🤲❤;masyaallah barakallah bu dokter dan kak niki semoga selalu istiqomah 🤲🤲🤲❤;masyaallah,, barakallah bu dokter dan kak niki. semoga selalu istiqomah .;masyaallah,, barakallah bu dokter kak niki. semoga istiqomah .;masyaallah barakallah bu dokter dan kak menik moga selalu istiqomah 🤲🤲🤲❤
@FitrianiazisFitripio;Terima kasih ❤ rasanya menenangkan sekali😊;Terima kasih ❤ rasanya menenangkan sekali😊;Terima kasih ❤ rasanya menenangkan sekali😊;terima kasih ❤ rasanya menenangkan sekali😊;terima kasih ❤ rasanya menenangkan sekali😊;terima kasih ❤ rasanya menenangkan sekali😊;terima kasih  rasanya menenangkan sekali;terima kasih menenangkan;terima kasih ❤ rasa tenang sekali😊
@ekowahyuningsihposindonesia;Alhamdulillah  terima kasih dr Julia dan Niki , saya suka sekali mendapat ilmu yang sangat bermanfaat;Alhamdulillah  terima kasih dr Julia dan Niki , saya suka sekali mendapat ilmu yang sangat bermanfaat;Alhamdulillah  terima kasih dr Julia dan Niki , saya suka sekali mendapat ilmu yang sangat bermanfaat;alhamdulillah  terima kasih dr julia dan niki , saya suka sekali mendapat ilmu yang sangat bermanfaat;alhamdulillah  terima kasih dr julia dan niki , saya suka sekali mendapat ilmu yang sangat bermanfaat;alhamdulillah terima kasih dr julia dan niki saya suka sekali mendapat ilmu yang sangat bermanfaat;alhamdulillah  terima kasih dr julia dan niki , saya suka sekali mendapat ilmu yang sangat bermanfaat;alhamdulillah terima kasih dr julia niki , suka ilmu bermanfaat;alhamdulillah terima kasih dr julia dan menik saya suka sekali dapat ilmu yang sangat manfaat
@Heru_family;Kak niki terima kasih banyak podcast nya daging semua 😢;Kak niki terima kasih banyak podcast nya daging semua 😢;Kak niki terima kasih banyak podcast nya daging semua 😢;kak niki terima kasih banyak podcast nya daging semua 😢;kak niki terima kasih banyak podcast nya daging semua 😢;kak niki terima kasih banyak podcast nya daging semua 😢;kak niki terima kasih banyak podcast nya daging semua ;kak niki terima kasih podcast nya daging;kak menik terima kasih banyak podcast nya daging semua 😢
@Lyadelaashari;Mahal bgt podcast ini ❤;Mahal bgt podcast ini ❤;Mahal bgt podcast ini ❤;mahal bgt podcast ini ❤;mahal bgt podcast ini ❤;mahal bgt podcast ini ❤;mahal bgt podcast ini ;mahal bgt podcast;mahal banget podcast ini ❤
@AfiyantiFadhilah-m4i;Masya Allah penjelasannya sangat menenangkan...;Masya Allah penjelasannya sangat menenangkan...;Masya Allah penjelasannya sangat menenangkan...;masya allah penjelasannya sangat menenangkan...;masya allah penjelasannya sangat menenangkan...;masya allah penjelasannya sangat menenangkan;masya allah penjelasannya sangat menenangkan...;masya allah penjelasannya menenangkan...;masya allah jelas sangat tenang
@yenisutoni5566;Masyaa Allah ... pasti bkn krn kebetulan ketemu podcast ini. terima kasih sdh membahas tema ini dg narasumber yg tepat.;Masyaa Allah ... pasti bkn krn kebetulan ketemu podcast ini. terima kasih sdh membahas tema ini dg narasumber yg tepat.;Masyaa Allah ... pasti bkn krn kebetulan ketemu podcast ini. terima kasih sdh membahas tema ini dg narasumber yg tepat.;masyaa allah ... pasti bkn krn kebetulan ketemu podcast ini. terima kasih sdh membahas tema ini dg narasumber yg tepat.;masyaa allah ... pasti bkn krn kebetulan ketemu podcast ini. terima kasih sdh membahas tema ini dg narasumber yg tepat.;masyaa allah pasti bkn krn kebetulan ketemu podcast ini terima kasih sdh membahas tema ini dg narasumber yg tepat;masyaa allah ... pasti bkn krn kebetulan ketemu podcast ini. terima kasih sdh membahas tema ini dg narasumber yg tepat.;masyaa allah ... bkn krn ketemu podcast ini. terima kasih sdh membahas tema dg narasumber yg tepat.;masyaa allah pasti bkn krn betul temu podcast ini terima kasih sdh bahas tema ini dg narasumber yang tepat
@sitimuna3279;Ya Allah nangis bgt nonton ini, semoga aku selalu kuat;Ya Allah nangis bgt nonton ini, semoga aku selalu kuat;Ya Allah nangis bgt nonton ini, semoga aku selalu kuat;ya allah nangis bgt nonton ini, semoga aku selalu kuat;ya allah nangis bgt nonton ini, semoga aku selalu kuat;ya allah nangis bgt nonton ini semoga aku selalu kuat;ya allah nangis bgt nonton ini, semoga aku selalu kuat;ya allah nangis bgt nonton ini, semoga kuat;iya allah tangis banget tonton ini moga aku selalu kuat
@enasrilusyanaa;Berasa dipeluk ngedengerin penjelasannya🥺🤍;Berasa dipeluk ngedengerin penjelasannya🥺🤍;Berasa dipeluk ngedengerin penjelasannya🥺🤍;berasa dipeluk ngedengerin penjelasannya🥺🤍;berasa dipeluk ngedengerin penjelasannya🥺🤍;berasa dipeluk ngedengerin penjelasannya🥺🤍;berasa dipeluk ngedengerin penjelasannya;berasa dipeluk ngedengerin penjelasannya;asa peluk dengar penjelasannya🥺🤍
@YulikatunSholihah-ms9xf;Ya Allah 🥹🥹;Ya Allah 🥹🥹;Ya Allah 🥹🥹;ya allah 🥹🥹;ya allah 🥹🥹;ya allah 🥹🥹;ya allah ;ya allah;iya allah 🥹🥹
@liaazizahamaliah88;Masyallah😢 terimkasih bu ❤;Masyallah😢 terimkasih bu ❤;Masyallah😢 terimkasih bu ❤;masyallah😢 terimkasih bu ❤;masyallah😢 terimkasih bu ❤;masyallah😢 terimkasih bu ❤;masyallah terimkasih bu ;masyallah terimkasih bu;masyallah😢 terimkasih bu ❤
@khoiria-ox3xm;Kak Niki undang Neng Khilma Anis Bliau tokoh perempuan jawa yg cinta skali dgn tradisi budaya dan karya&quot;;;;;;;;
@deaningrum4178;1. Berhenti mengendalikan semua hal. Lakulan sesuai kendali kita jika itu pilihan.<br>2. Fokus pada kendali kita ,  Terima semua apa yg terjadi pada kita <br>TERIMA . <br>3. Penuhi hak Tuhan mu. Hasil perogatif nya Allah.<br>4. Penuhi hak keluargamu. Syukuri pda <br>5. Penuhi naluri.;1. Berhenti mengendalikan semua hal. Lakulan sesuai kendali kita jika itu pilihan.2. Fokus pada kendali kita ,  Terima semua apa yg terjadi pada kita TERIMA . 3. Penuhi hak Tuhan mu. Hasil perogatif nya Allah.4. Penuhi hak keluargamu. Syukuri pda 5. Penuhi naluri.;1. Berhenti mengendalikan semua hal. Lakulan sesuai kendali kita jika itu pilihan.2. Fokus pada kendali kita ,  Terima semua apa yg terjadi pada kita TERIMA . 3. Penuhi hak Tuhan mu. Hasil perogatif nya Allah.4. Penuhi hak keluargamu. Syukuri pda 5. Penuhi naluri.;1. berhenti mengendalikan semua hal. lakulan sesuai kendali kita jika itu pilihan.2. fokus pada kendali kita ,  terima semua apa yg terjadi pada kita terima . 3. penuhi hak tuhan mu. hasil perogatif nya allah.4. penuhi hak keluargamu. syukuri pda 5. penuhi naluri.;1. berhenti mengendalikan semua hal. lakulan sesuai kendali kita jika itu pilihan.2. fokus pada kendali kita ,  terima semua apa yg terjadi pada kita terima . 3. penuhi hak tuhan mu. hasil perogatif nya allah.4. penuhi hak keluargamu. syukuri pda 5. penuhi naluri.;1 berhenti mengendalikan semua hal lakulan sesuai kendali kita jika itu pilihan 2 fokus pada kendali kita terima semua apa yg terjadi pada kita terima 3 penuhi hak tuhan mu hasil perogatif nya allah 4 penuhi hak keluargamu syukuri pda 5 penuhi naluri;1. berhenti mengendalikan semua hal. lakulan sesuai kendali kita jika itu pilihan.2. fokus pada kendali kita ,  terima semua apa yg terjadi pada kita terima . 3. penuhi hak tuhan mu. hasil perogatif nya allah.4. penuhi hak keluargamu. syukuri pda 5. penuhi naluri.;1. berhenti mengendalikan hal. lakulan sesuai kendali pilihan.2. fokus kendali , terima yg terima . 3. penuhi hak tuhan mu. hasil perogatif nya allah.4. penuhi hak keluargamu. syukuri pda 5. penuhi naluri.;1 henti kendali semua hal lakulan sesuai kendali kita jika itu pilih 2 fokus pada kendali kita terima semua apa yang jadi pada kita terima 3 penuh hak tuhan mu hasil perogatif nya allah 4 penuh hak keluarga syukur pda 5 penuh naluri
@HarumZakiahLubis-v8r;sungguh Masyaa Allah teduh banget ibu... membuat semangat untuk seluruh ibu2 seluruh Dunia yang hebat untuk selalu semangat dan berjuang untuk bertumbuh dan berjuang untuk menjadi lebih baik;sungguh Masyaa Allah teduh banget ibu... membuat semangat untuk seluruh ibu2 seluruh Dunia yang hebat untuk selalu semangat dan berjuang untuk bertumbuh dan berjuang untuk menjadi lebih baik;sungguh Masyaa Allah teduh banget ibu... membuat semangat untuk seluruh ibu2 seluruh Dunia yang hebat untuk selalu semangat dan berjuang untuk bertumbuh dan berjuang untuk menjadi lebih baik;sungguh masyaa allah teduh banget ibu... membuat semangat untuk seluruh ibu2 seluruh dunia yang hebat untuk selalu semangat dan berjuang untuk bertumbuh dan berjuang untuk menjadi lebih baik;sungguh masyaa allah teduh banget ibu... membuat semangat untuk seluruh ibu2 seluruh dunia yang hebat untuk selalu semangat dan berjuang untuk bertumbuh dan berjuang untuk menjadi lebih baik;sungguh masyaa allah teduh banget ibu membuat semangat untuk seluruh ibu2 seluruh dunia yang hebat untuk selalu semangat dan berjuang untuk bertumbuh dan berjuang untuk menjadi lebih baik;sungguh masyaa allah teduh banget ibu... membuat semangat untuk seluruh ibu2 seluruh dunia yang hebat untuk selalu semangat dan berjuang untuk bertumbuh dan berjuang untuk menjadi lebih baik;sungguh masyaa allah teduh banget ibu... semangat ibu2 dunia hebat semangat berjuang bertumbuh berjuang;sungguh memasyaa allah teduh banget ibu buat semangat untuk seluruh ibu2 seluruh dunia yang hebat untuk selalu semangat dan juang untuk tumbuh dan juang untuk jadi lebih baik
@fidaatryrahma4703;terima kasih kak Niki udah bikin podcast ini, nontonnya sambil netes air mataku;terima kasih kak Niki udah bikin podcast ini, nontonnya sambil netes air mataku;terima kasih kak Niki udah bikin podcast ini, nontonnya sambil netes air mataku;terima kasih kak niki udah bikin podcast ini, nontonnya sambil netes air mataku;terima kasih kak niki udah bikin podcast ini, nontonnya sambil netes air mataku;terima kasih kak niki udah bikin podcast ini nontonnya sambil netes air mataku;terima kasih kak niki udah bikin podcast ini, nontonnya sambil netes air mataku;terima kasih kak niki udah bikin podcast ini, nontonnya netes air mataku;terima kasih kak menik udah bikin podcast ini tonton sambil tetes air mata
@halalmarthnimbakisrin615;Alhamdulillah... Podcast ini sama dengan isi kajian saya islam kaffah 🥰🥰🥰;Alhamdulillah... Podcast ini sama dengan isi kajian saya islam kaffah 🥰🥰🥰;Alhamdulillah... Podcast ini sama dengan isi kajian saya islam kaffah 🥰🥰🥰;alhamdulillah... podcast ini sama dengan isi kajian saya islam kaffah 🥰🥰🥰;alhamdulillah... podcast ini sama dengan isi kajian saya islam kaffah 🥰🥰🥰;alhamdulillah podcast ini sama dengan isi kajian saya islam kaffah 🥰🥰🥰;alhamdulillah... podcast ini sama dengan isi kajian saya islam kaffah ;alhamdulillah... podcast isi kajian islam kaffah;alhamdulillah podcast ini sama dengan isi kaji saya islam kaffah 🥰🥰🥰
@melianarobiatulmahmudah148;12.15 ya Rasulallah🥹;12.15 ya Rasulallah🥹;12.15 ya Rasulallah🥹;12.15 ya rasulallah🥹;12.15 ya rasulallah🥹;12 15 ya rasulallah🥹;12.15 ya rasulallah;12.15 ya rasulallah;12 15 iya rasulallah🥹
@alyasya6794;Pas bagian wanita/seorang perempuan, ibu, umi, aku nangisss 🥺;Pas bagian wanita/seorang perempuan, ibu, umi, aku nangisss 🥺;Pas bagian wanita/seorang perempuan, ibu, umi, aku nangisss 🥺;pas bagian wanita/seorang perempuan, ibu, umi, aku nangisss 🥺;pas bagian wanita/seorang perempuan, ibu, umi, aku nangisss 🥺;pas bagian wanita seorang perempuan ibu umi aku nangisss 🥺;pas bagian wanita/seorang perempuan, ibu, umi, aku nangisss ;pas wanita/seorang perempuan, ibu, umi, nangisss;pas bagi wanita orang perempuan ibu umi aku nangisss 🥺
@siva5594;Assalamualaikum,Akuu juga  sedang di fase masih belajar berusaha bangkitt tuk jadi perempuan diri yang lebih baik lagi lebih tenang lebih damai lebih dewasa lebih bahagia,Saling mendoakan yang baik2 yaa❤❤❤;Assalamualaikum,Akuu juga  sedang di fase masih belajar berusaha bangkitt tuk jadi perempuan diri yang lebih baik lagi lebih tenang lebih damai lebih dewasa lebih bahagia,Saling mendoakan yang baik2 yaa❤❤❤;Assalamualaikum,Akuu juga  sedang di fase masih belajar berusaha bangkitt tuk jadi perempuan diri yang lebih baik lagi lebih tenang lebih damai lebih dewasa lebih bahagia,Saling mendoakan yang baik2 yaa❤❤❤;assalamualaikum,akuu juga  sedang di fase masih belajar berusaha bangkitt tuk jadi perempuan diri yang lebih baik lagi lebih tenang lebih damai lebih dewasa lebih bahagia,saling mendoakan yang baik2 yaa❤❤❤;assalamualaikum,akuu juga  sedang di fase masih belajar berusaha bangkitt tuk jadi perempuan diri yang lebih baik lagi lebih tenang lebih damai lebih dewasa lebih bahagia,saling mendoakan yang baik2 yaa❤❤❤;assalamualaikum akuu juga sedang di fase masih belajar berusaha bangkitt tuk jadi perempuan diri yang lebih baik lagi lebih tenang lebih damai lebih dewasa lebih bahagia saling mendoakan yang baik2 yaa❤❤❤;assalamualaikum,akuu juga  sedang di fase masih belajar berusaha bangkitt tuk jadi perempuan diri yang lebih baik lagi lebih tenang lebih damai lebih dewasa lebih bahagia,saling mendoakan yang baik2 yaa;assalamualaikum,akuu fase belajar berusaha bangkitt tuk perempuan tenang damai dewasa bahagia,saling mendoakan baik2 yaa;assalamualaikum akuu juga sedang di fase masih ajar usaha bangkitt untuk jadi perempuan diri yang lebih baik lagi lebih tenang lebih damai lebih dewasa lebih bahagia saling doa yang baik2 yaa❤❤❤
@atiyuni6609;Dari awal sampai akhir, aku sungguh sangat menikmati obrolan santai ini,. <br>Terimakasih banyak bu dokter n kak Nikita❤❤;Dari awal sampai akhir, aku sungguh sangat menikmati obrolan santai ini,. Terimakasih banyak bu dokter n kak Nikita❤❤;Dari awal sampai akhir, aku sungguh sangat menikmati obrolan santai ini,. Terimakasih banyak bu dokter n kak Nikita❤❤;dari awal sampai akhir, aku sungguh sangat menikmati obrolan santai ini,. terimakasih banyak bu dokter n kak nikita❤❤;dari awal sampai akhir, aku sungguh sangat menikmati obrolan santai ini,. terimakasih banyak bu dokter n kak nikita❤❤;dari awal sampai akhir aku sungguh sangat menikmati obrolan santai ini terimakasih banyak bu dokter n kak nikita❤❤;dari awal sampai akhir, aku sungguh sangat menikmati obrolan santai ini,. terimakasih banyak bu dokter n kak nikita;akhir, sungguh menikmati obrolan santai ini,. terimakasih bu dokter n kak nikita;dari awal sampai akhir aku sungguh sangat nikmat obrol santai ini terimakasih banyak bu dokter n kak nikita❤❤
@tiniwardana8694;Muslim berlaku dg pola pikir dan pola sikap dg standar Halal dan Haram;Muslim berlaku dg pola pikir dan pola sikap dg standar Halal dan Haram;Muslim berlaku dg pola pikir dan pola sikap dg standar Halal dan Haram;muslim berlaku dg pola pikir dan pola sikap dg standar halal dan haram;muslim berlaku dg pola pikir dan pola sikap dg standar halal dan haram;muslim berlaku dg pola pikir dan pola sikap dg standar halal dan haram;muslim berlaku dg pola pikir dan pola sikap dg standar halal dan haram;muslim berlaku dg pola pikir pola sikap dg standar halal haram;muslim berlaku dg pola pikir dan pola sikap dg standar halal dan haram
@alesharofaroyah627;MaasyaAllah ngungkap bnyk faktta sejarah islam.<br>Thanks niki sdh hadirkan beliau di forum ini;MaasyaAllah ngungkap bnyk faktta sejarah islam.Thanks niki sdh hadirkan beliau di forum ini;MaasyaAllah ngungkap bnyk faktta sejarah islam.Thanks niki sdh hadirkan beliau di forum ini;maasyaallah ngungkap bnyk faktta sejarah islam.thanks niki sdh hadirkan beliau di forum ini;maasyaallah ngungkap bnyk faktta sejarah islam.thanks niki sdh hadirkan beliau di forum ini;maasyaallah ngungkap bnyk faktta sejarah islam thanks niki sdh hadirkan beliau di forum ini;maasyaallah ngungkap bnyk faktta sejarah islam.thanks niki sdh hadirkan beliau di forum ini;maasyaallah ngungkap bnyk faktta sejarah islam.thanks niki sdh hadirkan beliau forum;maasyaallah ungkap bnyk faktta sejarah islam thanks menik sdh hadir beliau di forum ini
@elisuriana1488;Masyaallah Ibu dokter cantik banget 🥰😊;Masyaallah Ibu dokter cantik banget 🥰😊;Masyaallah Ibu dokter cantik banget 🥰😊;masyaallah ibu dokter cantik banget 🥰😊;masyaallah ibu dokter cantik banget 🥰😊;masyaallah ibu dokter cantik banget 🥰😊;masyaallah ibu dokter cantik banget ;masyaallah dokter cantik banget;memasyaal ibu dokter cantik banget 🥰😊
